{"sigma=[10, 25, 40];N=8;n_steps=18": {"SSIM": 0.09331264705563333, "L2": 45.47555289626977, "LPIPS": 0.5042001251131296, "PSNR": 7.880994596637436, "FID": 35.19406096064023}}