{"sigma=10;N=8;n_steps=18": {"SSIM": 0.09368462945983065, "L2": 45.26057900777517, "LPIPS": 0.5027768611907959, "PSNR": 7.926585389888196, "FID": 36.202248672223625}, "sigma=10;N=8;n_steps=32": {"SSIM": 0.09056481383413308, "L2": 46.11600321418041, "LPIPS": 0.5071802670136094, "PSNR": 7.761256854632158, "FID": 34.9689181550326}, "sigma=10;N=16;n_steps=18": {"SSIM": 0.09452044096037164, "L2": 45.35891099743365, "LPIPS": 0.5015935283154249, "PSNR": 7.903049185252703, "FID": 35.01214391448801}, "sigma=10;N=16;n_steps=32": {"SSIM": 0.09025125510053289, "L2": 46.307886539807605, "LPIPS": 0.5081024235114455, "PSNR": 7.7178912478518535, "FID": 32.01795736570017}, "sigma=10;N=32;n_steps=18": {"SSIM": 0.09222367416124072, "L2": 45.44370340943519, "LPIPS": 0.5038976985961199, "PSNR": 7.883741031690136, "FID": 34.45996874885879}, "sigma=10;N=32;n_steps=32": {"SSIM": 0.09100980963200825, "L2": 46.29188995393249, "LPIPS": 0.5076842186972499, "PSNR": 7.720799583011775, "FID": 32.05769488792483}, "sigma=25;N=8;n_steps=18": {"SSIM": 0.04397210896161807, "L2": 55.66860826871433, "LPIPS": 0.5374617669731379, "PSNR": 6.18532865358823, "FID": 39.26427379820052}, "sigma=25;N=8;n_steps=32": {"SSIM": 0.04481300681128924, "L2": 56.46839720144886, "LPIPS": 0.5416684597730637, "PSNR": 6.066561879165159, "FID": 34.62910640230018}, "sigma=25;N=16;n_steps=18": {"SSIM": 0.045209478287346734, "L2": 55.91477982030208, "LPIPS": 0.5376050919294357, "PSNR": 6.162857187679014, "FID": 37.96297401267388}, "sigma=25;N=16;n_steps=32": {"SSIM": 0.04320642233244716, "L2": 56.793256632619595, "LPIPS": 0.5408513695001602, "PSNR": 6.016937780390431, "FID": 39.018537139795455}, "sigma=25;N=32;n_steps=18": {"SSIM": 0.045245583018771705, "L2": 55.69018186902083, "LPIPS": 0.5385880321264267, "PSNR": 6.193544040063147, "FID": 39.3689460020302}, "sigma=25;N=32;n_steps=32": {"SSIM": 0.04450565785219378, "L2": 56.655460431818675, "LPIPS": 0.5397681687027216, "PSNR": 6.045702748005286, "FID": 35.57528005991746}}