{"N=4;n_steps=18": {"SSIM": 0.46533574244598774, "L2": 20.676641089543303, "LPIPS": 0.31043563038110733, "PSNR": 14.893265825805107, "FID": 135.2253340087021}, "N=4;n_steps=32": {"SSIM": 0.44920167625287666, "L2": 21.264574509950844, "LPIPS": 0.3194034770131111, "PSNR": 14.651979556454576, "FID": 133.57908014546138}, "N=4;n_steps=50": {"SSIM": 0.43947567139409033, "L2": 21.726600454057724, "LPIPS": 0.3260641098022461, "PSNR": 14.470684202445426, "FID": 131.80370919728497}, "N=8;n_steps=18": {"SSIM": 0.18962530122784216, "L2": 31.25636181589729, "LPIPS": 0.4146936535835266, "PSNR": 11.205843820101673, "FID": 67.09775609536814}, "N=8;n_steps=32": {"SSIM": 0.17934040621371605, "L2": 32.192056577691794, "LPIPS": 0.42000463604927063, "PSNR": 10.947558925682692, "FID": 65.52241883788022}, "N=8;n_steps=50": {"SSIM": 0.1746141370145439, "L2": 32.63235660113139, "LPIPS": 0.4239916205406189, "PSNR": 10.816690309662459, "FID": 64.39076402416192}, "N=16;n_steps=18": {"SSIM": 0.07601095481688919, "L2": 42.64491002063999, "LPIPS": 0.49303383380174637, "PSNR": 8.538603742906124, "FID": 37.68063355438569}, "N=16;n_steps=32": {"SSIM": 0.07085106364019852, "L2": 44.110171914334096, "LPIPS": 0.4982305020093918, "PSNR": 8.227476609575406, "FID": 34.279636323488724}, "N=16;n_steps=50": {"SSIM": 0.06766087258674276, "L2": 44.64136672363148, "LPIPS": 0.5006357207894325, "PSNR": 8.115277798909878, "FID": 32.48845087868708}, "N=32;n_steps=18": {"SSIM": 0.038419350382581194, "L2": 55.02948089536744, "LPIPS": 0.5327054411172867, "PSNR": 6.4434589651336465, "FID": 37.92307664022416}, "N=32;n_steps=32": {"SSIM": 0.03625005144204369, "L2": 56.41685587011492, "LPIPS": 0.5393085926771164, "PSNR": 6.207328074497664, "FID": 32.83709010854243}, "N=32;n_steps=50": {"SSIM": 0.034960243357743545, "L2": 57.030263770488745, "LPIPS": 0.5394515842199326, "PSNR": 6.090863901694089, "FID": 33.60950004183567}}