{"sigma=5.0;n_steps=18": {"SSIM": 0.1441113597126443, "L2": 38.827823700355, "LPIPS": 0.48697616904973984, "PSNR": 9.230172138868266, "FID": 32.87566633278458}, "sigma=5.0;n_steps=32": {"SSIM": 0.14018681928767382, "L2": 39.36617238480202, "LPIPS": 0.48958542943000793, "PSNR": 9.116895758944883, "FID": 33.53315445828877}, "sigma=5.0;n_steps=50": {"SSIM": 0.1396741993261695, "L2": 39.79271254089966, "LPIPS": 0.49131808429956436, "PSNR": 9.018346529701766, "FID": 32.42572931437083}, "sigma=10.0;n_steps=18": {"SSIM": 0.08020789205894019, "L2": 47.84298409502134, "LPIPS": 0.5297484248876572, "PSNR": 7.437133024805021, "FID": 28.97721822945776}, "sigma=10.0;n_steps=32": {"SSIM": 0.07988107790088396, "L2": 48.62977979073364, "LPIPS": 0.5298410803079605, "PSNR": 7.305838873732084, "FID": 27.595390803378816}, "sigma=10.0;n_steps=50": {"SSIM": 0.07655752278000715, "L2": 49.07207853342301, "LPIPS": 0.5322665423154831, "PSNR": 7.213550955973938, "FID": 28.029161114227417}, "sigma=25.0;n_steps=18": {"SSIM": 0.03563341949395283, "L2": 58.62643364124388, "LPIPS": 0.561605840921402, "PSNR": 5.743389998136912, "FID": 34.380012762142556}, "sigma=25.0;n_steps=32": {"SSIM": 0.035292180548720825, "L2": 59.872797264106865, "LPIPS": 0.5652168393135071, "PSNR": 5.554688225934896, "FID": 31.05142737567006}, "sigma=25.0;n_steps=50": {"SSIM": 0.03224840289761353, "L2": 60.783863112655325, "LPIPS": 0.566167026758194, "PSNR": 5.417114117016566, "FID": 31.134477780036}, "sigma=40.0;n_steps=18": {"SSIM": 0.024863746779794724, "L2": 63.29937112625904, "LPIPS": 0.5730633735656738, "PSNR": 5.115275224934432, "FID": 36.76541668935765}, "sigma=40.0;n_steps=32": {"SSIM": 0.024738885922122908, "L2": 64.16262261260104, "LPIPS": 0.5712745040655136, "PSNR": 4.975444483438642, "FID": 32.40950750752949}, "sigma=40.0;n_steps=50": {"SSIM": 0.024895602365184573, "L2": 64.34820355584957, "LPIPS": 0.5740318149328232, "PSNR": 4.966358371013399, "FID": 33.42405578087163}}